Customer,Age,Gender,Married,Close,Children,PreviousCustomer,PreviousSpent,Catalogs,AmountSpent
1,73,Female,No,Yes,1,Yes,246,12,217.691
2,22,Female,Yes,No,3,Yes,1621.5,18,2632.462
3,51,Male,Yes,Yes,1,No,0,12,3047.563
4,48,Male,Yes,Yes,0,Yes,536,12,434.606
5,57,Male,No,Yes,0,No,0,6,105.624
6,29,Female,No,Yes,0,Yes,856,12,758.649
7,33,Female,No,Yes,0,No,0,18,1614.512
8,55,Female,Yes,No,0,Yes,2400,6,1984.66
9,62,Male,No,Yes,0,No,0,24,2091.422
10,37,Male,Yes,No,0,Yes,1869,24,2644.418
11,63,Male,Yes,Yes,1,Yes,1413,18,1211.05
12,31,Male,Yes,No,0,Yes,2214,24,3119.614
13,34,Male,No,Yes,2,Yes,459,12,416.15
14,45,Male,No,No,1,No,0,18,1773.11
15,53,Female,Yes,Yes,1,No,0,12,1517.407
16,49,Female,Yes,Yes,2,Yes,767,6,533.868
17,55,Female,Yes,Yes,3,Yes,397,6,199.647
18,49,Male,Yes,Yes,0,Yes,1338,12,1220.234
19,43,Female,No,Yes,1,No,0,12,228.996
20,23,Male,Yes,Yes,1,Yes,789,12,1052.263
21,27,Female,No,No,0,Yes,849,24,932.843
22,69,Male,No,No,0,No,0,12,1186.123
23,42,Female,No,Yes,0,Yes,578,12,830.233
24,71,Female,No,Yes,0,No,0,18,405.62
25,30,Male,No,Yes,3,Yes,253.5,6,156.772
26,43,Male,No,No,1,No,0,18,588.625
27,24,Female,No,Yes,0,Yes,1026,24,1423.589
28,32,Female,Yes,Yes,0,Yes,1488,18,2478.522
29,76,Female,Yes,Yes,0,No,0,24,2748.811
30,38,Male,Yes,No,1,Yes,1975,18,2278.836
31,32,Female,No,No,0,Yes,1656,18,1713.624
32,41,Male,Yes,Yes,3,Yes,479,12,678.378
33,38,Female,No,No,2,No,0,24,414.052
34,29,Female,No,Yes,1,No,0,18,932.214
35,53,Male,No,No,1,Yes,1635,12,2289.968
36,47,Female,No,No,3,No,0,12,774.1
37,28,Male,Yes,Yes,0,Yes,996,12,827.344
38,22,Male,No,Yes,1,Yes,1105.5,12,1273.773
39,36,Female,No,Yes,0,No,0,6,619.438
40,68,Female,Yes,Yes,0,Yes,732,6,833.354
41,26,Male,Yes,Yes,0,Yes,1024,12,1293.43
42,65,Male,No,Yes,0,Yes,1188,18,1699.22
43,56,Male,Yes,Yes,2,Yes,1073,18,1566.222
44,44,Male,Yes,No,3,Yes,1360.5,24,2265.298
45,32,Male,Yes,No,0,Yes,2232,6,1892.695
46,41,Male,Yes,No,0,Yes,462,6,297.297
47,74,Female,Yes,Yes,0,No,0,18,1593.683
48,27,Female,Yes,Yes,3,Yes,408.5,24,879.439
49,35,Female,No,Yes,0,Yes,722,12,437.774
50,59,Female,No,Yes,0,No,0,6,962.841
51,51,Female,No,Yes,1,Yes,423,6,223.565
52,52,Male,No,Yes,2,Yes,567,18,535.602
53,55,Female,No,No,0,Yes,378,6,241.113
54,28,Female,Yes,Yes,0,Yes,430,18,444.987
55,67,Male,Yes,No,2,Yes,1936,18,2299.47
56,55,Female,No,No,0,Yes,660,12,736.029
57,60,Male,No,Yes,1,No,0,6,1005.577
58,34,Male,No,Yes,0,Yes,1306,18,1443.44
59,75,Female,Yes,Yes,2,Yes,633,24,678.889
60,43,Female,Yes,Yes,0,Yes,764,6,526.343
61,75,Female,No,Yes,2,No,0,18,393.488
62,24,Female,No,No,1,Yes,600,6,356.897
63,74,Female,No,Yes,1,Yes,714,12,800.605
64,36,Male,Yes,Yes,0,Yes,1740,24,1594.459
65,52,Male,Yes,Yes,1,Yes,1765.5,12,2103.841
66,53,Female,Yes,No,0,Yes,903,12,530.262
67,30,Female,No,Yes,0,No,0,12,230.249
68,68,Male,No,Yes,0,Yes,1264,24,1932.447
69,37,Male,Yes,No,0,Yes,1248,24,1690.318
70,27,Male,Yes,No,0,No,0,18,2449.658
71,44,Female,Yes,Yes,0,Yes,1498,12,1473.961
72,58,Male,Yes,No,3,Yes,1083,18,1810.564
73,50,Female,Yes,Yes,1,No,0,18,747.435
74,28,Female,Yes,Yes,1,Yes,1095,6,489.929
75,41,Female,No,No,0,Yes,453,6,348.456
76,59,Female,No,No,1,Yes,495,24,990.525
77,21,Male,No,Yes,3,Yes,320,12,410.023
78,53,Female,Yes,Yes,0,No,0,6,1175.433
79,30,Female,Yes,Yes,0,Yes,1640,18,1799.763
80,55,Female,Yes,Yes,1,Yes,952.5,18,1023.379
81,40,Female,Yes,Yes,3,Yes,590,12,581.205
82,74,Female,No,Yes,1,No,0,6,235.808
83,24,Male,No,No,1,Yes,1127.5,12,793.74
84,56,Male,Yes,Yes,0,Yes,918,24,1645.453
85,70,Female,No,Yes,2,Yes,439,6,357.504
86,40,Female,Yes,No,0,Yes,3300,24,5564.127
87,69,Male,No,Yes,0,Yes,1260,24,1909.597
88,47,Male,No,Yes,0,Yes,1236,24,1155.684
89,55,Female,Yes,Yes,0,Yes,1066,24,1597.841
90,37,Female,Yes,Yes,3,Yes,210,6,105.176
91,29,Female,No,Yes,2,No,0,12,449.195
92,29,Male,Yes,No,1,Yes,505,24,499.665
93,23,Female,No,Yes,0,No,0,12,546.418
94,37,Male,No,Yes,0,Yes,374,12,288.887
95,29,Male,No,Yes,0,Yes,914,18,724.172
96,69,Female,No,Yes,3,Yes,163,12,172.315
97,27,Male,Yes,Yes,0,Yes,1922,6,1588.377
98,51,Female,No,No,1,Yes,360,6,389.864
99,25,Male,No,Yes,0,No,0,18,1405.189
100,35,Female,Yes,No,0,Yes,2418,24,2839.63
101,46,Female,Yes,Yes,3,No,0,18,914.946
102,51,Female,No,Yes,0,Yes,606,18,1061.9
103,57,Male,Yes,Yes,0,Yes,2498,18,4108.968
104,74,Female,No,Yes,1,No,0,6,162.971
105,23,Male,Yes,No,1,No,0,6,1252.324
106,27,Male,No,Yes,1,No,0,12,1224.433
107,47,Female,Yes,No,0,Yes,3861,24,3995.012
108,74,Female,Yes,Yes,1,No,0,18,2680.51
109,35,Male,Yes,Yes,0,Yes,730,24,1140.258
110,27,Male,No,Yes,0,Yes,268,18,424.074
111,31,Male,Yes,Yes,1,No,0,6,940.644
112,43,Male,No,Yes,1,Yes,1152,18,1060.702
113,37,Male,No,Yes,0,Yes,438,12,275.644
114,24,Female,No,No,0,No,0,6,202.401
115,25,Female,No,No,2,Yes,1282,24,1594.842
116,39,Female,Yes,Yes,0,No,0,24,3168.265
117,53,Female,No,Yes,0,Yes,1164,18,981.355
118,63,Male,Yes,No,3,Yes,1800,18,1925.519
119,33,Male,No,Yes,0,Yes,1368,18,1154.914
120,52,Male,Yes,Yes,2,Yes,836,6,537.726
121,42,Female,No,Yes,1,Yes,201,12,142.547
122,25,Female,Yes,Yes,0,Yes,1094,24,1403.831
123,64,Male,Yes,No,0,Yes,1239,24,1985.325
124,59,Female,Yes,Yes,3,No,0,6,2070.257
125,55,Female,Yes,Yes,0,Yes,790,12,1006.258
126,71,Female,Yes,Yes,2,No,0,24,3079.074
127,56,Male,Yes,Yes,2,Yes,831,6,586.341
128,44,Male,No,Yes,1,No,0,24,2555.45
129,46,Male,Yes,Yes,1,Yes,1068,12,637.801
130,66,Male,No,Yes,0,Yes,1156,24,1148.61
131,42,Male,No,Yes,2,Yes,591,18,579.541
132,46,Female,No,No,2,Yes,462,6,465.554
133,24,Male,No,No,0,Yes,327,24,407.302
134,23,Female,No,No,0,Yes,1425,6,847.469
135,40,Male,Yes,Yes,1,No,0,24,2436.88
136,55,Male,No,Yes,1,No,0,24,399.824
137,30,Female,Yes,No,0,Yes,1575,24,2037.516
138,61,Female,Yes,No,3,Yes,649.5,24,715.835
139,40,Male,No,Yes,0,Yes,1332,18,1177.31
140,55,Male,No,Yes,2,No,0,6,825.666
141,48,Female,No,Yes,2,Yes,106,12,114.028
142,23,Male,No,Yes,0,Yes,1126,6,873.139
143,64,Male,Yes,Yes,0,No,0,18,1214.607
144,29,Female,Yes,Yes,3,Yes,512.5,12,548.212
145,35,Male,No,No,0,No,0,6,963.64
146,32,Male,Yes,Yes,0,No,0,12,1694.467
147,67,Male,Yes,Yes,1,No,0,18,2100.891
148,47,Female,No,Yes,1,Yes,181.5,6,89.703
149,26,Female,No,Yes,3,Yes,115,6,78.702
150,25,Male,No,Yes,1,No,0,6,411.964
151,54,Male,Yes,Yes,0,Yes,1110,18,857.976
152,58,Male,No,Yes,0,Yes,912,18,1387.969
153,34,Male,No,No,0,No,0,24,571.447
154,26,Male,Yes,Yes,2,No,0,12,1127.365
155,49,Female,No,Yes,3,No,0,6,198.508
156,26,Male,Yes,Yes,0,Yes,1674,24,3343.979
157,32,Female,Yes,Yes,1,No,0,18,1999.115
158,51,Male,No,No,1,No,0,18,1072.862
159,42,Male,Yes,Yes,2,No,0,6,632.703
160,44,Male,No,Yes,3,No,0,12,435.747
161,24,Female,Yes,Yes,0,Yes,1696,18,2623.668
162,67,Female,Yes,Yes,2,Yes,855,18,894.668
163,43,Male,Yes,No,1,Yes,2102.5,24,2362.03
164,36,Female,No,Yes,2,Yes,266,24,245.213
165,30,Female,No,Yes,0,Yes,850,24,918.166
166,76,Male,No,No,0,Yes,459,24,644.758
167,22,Male,Yes,Yes,1,Yes,1014,18,1172.373
168,51,Male,No,Yes,0,No,0,12,323.864
169,26,Female,No,No,3,Yes,840,6,530.267
170,44,Female,Yes,Yes,1,No,0,12,1826.338
171,53,Female,No,Yes,2,No,0,24,516.687
172,22,Female,Yes,No,0,Yes,2652,18,3631.872
173,70,Male,Yes,Yes,0,Yes,1744,18,1273.757
174,53,Male,Yes,Yes,2,Yes,1067,6,607.174
175,33,Male,No,Yes,1,Yes,406.5,12,268.311
176,27,Female,No,Yes,2,No,0,18,1152.772
177,42,Female,No,Yes,2,Yes,491,6,474.061
178,54,Female,No,Yes,0,Yes,704,12,606.507
179,33,Female,No,Yes,0,No,0,12,827.172
180,61,Female,Yes,No,0,Yes,2523,18,2710.041
181,72,Male,No,Yes,0,No,0,6,451.016
182,28,Female,Yes,Yes,2,Yes,497,18,613.097
183,52,Female,No,Yes,1,Yes,198,12,226.845
184,23,Female,No,Yes,3,Yes,73,6,46.55
185,23,Male,Yes,Yes,2,Yes,1099,12,870.195
186,56,Female,Yes,Yes,1,Yes,1894.5,6,1888.376
187,41,Male,Yes,No,3,Yes,1509,24,2838.182
188,47,Female,No,No,0,Yes,351,18,539.769
189,71,Female,No,Yes,2,Yes,364,18,506.002
190,42,Female,No,Yes,2,Yes,222,18,274.804
191,24,Male,Yes,Yes,0,No,0,12,1757.404
192,48,Female,Yes,Yes,0,Yes,2256,12,1861.434
193,73,Male,Yes,Yes,0,Yes,1918,24,2585.087
194,64,Male,Yes,Yes,2,Yes,880,6,523.804
195,48,Male,No,Yes,0,Yes,890,24,1174.783
196,42,Female,Yes,Yes,0,Yes,872,12,1046.572
197,68,Male,No,No,0,No,0,6,259.818
198,25,Male,Yes,Yes,0,Yes,468,6,347.545
199,72,Female,No,Yes,0,Yes,932,24,905.808
200,55,Female,No,Yes,1,Yes,469.5,6,357.044
201,26,Female,Yes,No,1,No,0,24,1639.026
202,22,Female,Yes,No,0,Yes,2112,18,2609.792
203,60,Male,No,Yes,0,No,0,18,581.224
204,25,Female,No,Yes,1,Yes,393,12,380.968
205,47,Male,Yes,Yes,0,Yes,2178,12,1841.405
206,73,Female,No,Yes,0,Yes,346,6,165.935
207,58,Male,No,No,0,Yes,1557,18,1491.568
208,40,Female,No,Yes,0,Yes,672,12,573.202
209,63,Female,Yes,Yes,1,No,0,18,1611.379
210,26,Female,Yes,Yes,0,No,0,18,982.041
211,65,Female,Yes,Yes,1,Yes,813,6,486.077
212,30,Male,Yes,No,0,Yes,1986,24,2057.18
213,60,Female,No,Yes,0,No,0,18,3278.083
214,38,Female,No,Yes,3,Yes,198.5,12,238.067
215,43,Male,Yes,Yes,0,Yes,738,18,721.335
216,25,Male,Yes,Yes,3,Yes,480.5,12,316.151
217,39,Female,No,Yes,0,Yes,234,12,192.577
218,31,Male,No,Yes,1,No,0,12,475.605
219,30,Female,Yes,Yes,0,Yes,1656,24,3009.979
220,58,Female,Yes,Yes,1,Yes,613.5,18,961.609
221,23,Male,Yes,Yes,2,Yes,658,18,577.536
222,50,Male,Yes,Yes,0,Yes,794,18,1011.061
223,22,Female,Yes,No,0,No,0,12,2046.912
224,58,Female,Yes,Yes,2,Yes,405,18,622.018
225,54,Female,Yes,Yes,1,Yes,961.5,18,1332.173
226,36,Female,No,Yes,3,Yes,210,18,232.107
227,45,Female,No,Yes,0,Yes,650,24,882.862
228,66,Female,Yes,Yes,0,Yes,1372,18,1341.869
229,71,Male,No,Yes,1,Yes,906,6,791.236
230,54,Male,Yes,No,0,Yes,3918,18,3441.549
231,47,Male,Yes,Yes,0,Yes,1462,6,1582.021
232,69,Female,No,Yes,0,Yes,476,6,438.496
233,65,Male,No,Yes,1,No,0,24,2316.442
234,43,Male,Yes,Yes,1,Yes,804,24,972.929
235,24,Male,No,Yes,0,Yes,1112,6,984.412
236,44,Male,Yes,No,0,Yes,1560,18,2544.605
237,62,Female,Yes,Yes,0,Yes,1590,12,1650.913
238,42,Male,Yes,No,2,No,0,24,2934.876
239,51,Female,No,Yes,1,No,0,18,458.287
240,27,Male,Yes,Yes,1,Yes,1500,24,2247.366
241,45,Male,No,No,2,Yes,962,18,961.005
242,53,Male,Yes,Yes,2,Yes,1073,24,1194.239
243,32,Male,Yes,Yes,0,Yes,1712,24,3380.141
244,38,Male,No,Yes,2,Yes,627,12,703.955
245,35,Male,No,No,0,Yes,1668,18,1786.497
246,56,Male,No,Yes,0,Yes,1094,24,1355.395
247,38,Female,No,Yes,1,Yes,697.5,24,829.237
248,36,Female,No,Yes,0,No,0,12,962.012
249,67,Male,Yes,Yes,3,Yes,530.5,12,472.047
250,50,Male,No,Yes,3,Yes,246,12,209.521
251,27,Female,No,No,3,Yes,23,6,123.07
252,43,Male,No,Yes,1,Yes,633,18,698.614
253,61,Female,No,No,0,No,0,24,513.076
254,47,Male,Yes,No,3,No,0,12,2581.426
255,43,Male,Yes,Yes,0,Yes,2019,12,2136.348
256,62,Female,Yes,Yes,0,Yes,1064,12,1077.723
257,45,Male,Yes,No,2,No,0,12,1646.889
258,28,Female,No,Yes,0,Yes,353,12,229.201
259,42,Male,No,Yes,0,No,0,6,1543.563
260,25,Female,No,No,1,Yes,602,6,167.413
261,35,Female,Yes,Yes,1,Yes,884,24,703.586
262,54,Female,Yes,No,0,Yes,1962,18,2074.61
263,65,Male,No,Yes,0,Yes,1416,12,928.78
264,53,Male,No,Yes,1,No,0,18,1422.173
265,58,Male,No,Yes,2,No,0,18,1196.764
266,47,Male,No,Yes,3,No,0,6,707.12
267,61,Female,No,No,0,No,0,12,864.564
268,46,Female,No,Yes,3,Yes,340,18,342.452
269,24,Female,No,Yes,1,No,0,6,617.259
270,25,Male,Yes,No,3,No,0,6,1408.105
271,54,Male,Yes,Yes,2,No,0,18,2728.562
272,48,Female,No,Yes,2,Yes,94,6,182.634
273,47,Male,No,Yes,3,Yes,619,6,192.569
274,44,Female,Yes,Yes,3,Yes,975,6,449.588
275,73,Female,No,Yes,0,Yes,501,24,575.572
276,29,Female,No,Yes,1,Yes,166,6,142.819
277,37,Male,No,Yes,0,Yes,1057,18,1639.592
278,48,Female,Yes,Yes,2,Yes,1773,12,1512.011
279,35,Female,No,Yes,1,Yes,801,6,624.138
280,23,Male,Yes,Yes,3,Yes,438,6,202.181
281,36,Male,No,No,0,Yes,1533,18,1634.024
282,25,Male,No,Yes,0,Yes,726,6,263.997
283,43,Female,No,Yes,3,Yes,14,6,157.917
284,28,Male,No,No,2,No,0,6,192.104
285,22,Male,No,No,0,No,0,24,569.671
286,36,Female,No,Yes,2,Yes,318,6,172.838
287,63,Female,Yes,No,0,Yes,2326,24,3069.182
288,26,Female,Yes,Yes,0,No,0,12,2216.475
289,25,Female,No,Yes,1,Yes,131,12,304.464
290,21,Female,No,Yes,2,No,0,6,186.006
291,24,Female,No,Yes,0,Yes,374,18,658.837
292,70,Male,Yes,Yes,0,Yes,1163,6,965.649
293,57,Male,Yes,Yes,0,Yes,1877,12,1484.823
294,65,Female,No,Yes,0,Yes,720,6,673.284
295,39,Male,No,Yes,2,No,0,18,2783.896
296,34,Male,Yes,Yes,2,Yes,1153,6,725.79
297,50,Male,Yes,Yes,1,Yes,1442,6,879.789
298,54,Female,Yes,No,1,No,0,6,2190.559
299,54,Female,No,No,1,Yes,1251,6,666.464
300,74,Female,Yes,Yes,0,Yes,1013,12,642.042
301,31,Male,Yes,No,3,No,0,6,835.853
302,49,Female,Yes,No,1,No,0,12,2765.589
303,45,Male,Yes,Yes,2,Yes,1796,12,926.873
304,49,Female,No,Yes,3,Yes,117,24,325.739
305,38,Male,Yes,No,1,Yes,2576,24,2665.848
306,26,Female,Yes,Yes,1,No,0,6,520.714
307,66,Male,No,Yes,0,Yes,904,24,1416.675
308,52,Male,No,No,1,No,0,18,901.551
309,54,Female,No,Yes,0,Yes,1069,12,950.103
310,75,Female,Yes,Yes,1,Yes,258,6,160.836
311,29,Male,No,No,0,Yes,886,18,867.242
312,62,Male,Yes,Yes,0,Yes,2428,24,3670.869
313,45,Female,No,Yes,0,Yes,1165,18,965.724
314,25,Male,Yes,Yes,3,Yes,123,12,216.107
315,34,Female,No,No,0,Yes,1715,18,1546.386
316,50,Male,Yes,Yes,2,No,0,18,3915.86
317,72,Male,No,Yes,1,Yes,169,12,515.447
318,36,Male,No,Yes,0,Yes,1335,12,1365.332
319,71,Female,Yes,Yes,0,Yes,1828,6,752.516
320,29,Female,No,Yes,1,Yes,57,24,308.417
321,58,Male,Yes,Yes,0,Yes,1573,18,1967.918
322,24,Male,Yes,Yes,3,No,0,12,1296.595
323,49,Male,No,No,0,Yes,2121,24,2723.299
324,21,Female,No,No,3,No,0,12,312.186
325,28,Male,Yes,Yes,0,Yes,606,6,494.735
326,43,Male,No,Yes,0,Yes,951,12,840.946
327,21,Male,No,Yes,0,No,0,12,413.902
328,25,Female,Yes,Yes,3,Yes,275,12,307.495
329,41,Male,Yes,Yes,1,No,0,18,3504.72
330,55,Male,No,Yes,0,No,0,6,1350.649
331,27,Male,No,Yes,2,Yes,115,12,147.253
332,54,Male,No,No,0,Yes,1327,24,1856.639
333,27,Female,No,Yes,0,Yes,568,18,502.72
334,71,Female,Yes,No,0,Yes,1784,18,1577.747
335,37,Male,No,No,1,No,0,6,797.922
336,49,Male,Yes,Yes,0,Yes,1295,18,2836.752
337,30,Male,No,Yes,3,No,0,12,583.081
338,52,Male,No,Yes,0,No,0,12,951.952
339,36,Male,Yes,Yes,2,Yes,846,18,705.044
340,34,Female,Yes,Yes,2,No,0,12,1499.842
341,45,Female,No,Yes,2,No,0,12,1161.776
342,21,Female,No,Yes,1,No,0,12,329.397
343,25,Female,Yes,No,0,No,0,6,779.517
344,39,Male,Yes,Yes,0,No,0,6,1582.604
345,37,Male,No,Yes,2,Yes,794,24,967.805
346,42,Female,Yes,Yes,1,Yes,898,12,794.1
347,51,Male,Yes,No,0,No,0,24,2594.924
348,57,Female,No,Yes,0,Yes,1029,24,1036.66
349,43,Male,No,No,2,No,0,6,988.759
350,37,Male,Yes,Yes,0,Yes,1022,18,848.279
351,42,Male,Yes,No,1,No,0,6,1552.162
352,30,Female,No,No,1,No,0,12,421.969
353,51,Male,Yes,Yes,1,No,0,18,4983.776
354,24,Male,No,Yes,1,Yes,306,24,504.002
355,25,Male,Yes,Yes,3,No,0,24,1633.555
356,56,Female,Yes,Yes,0,Yes,1624,18,2418.602
357,41,Female,Yes,Yes,1,Yes,1880,24,2258.049
358,44,Female,No,No,3,No,0,24,2098.029
359,47,Male,Yes,No,2,Yes,1609,18,1687.807
360,42,Male,No,No,2,Yes,1201,18,2444.449
361,33,Male,Yes,No,0,Yes,2963,12,2408.482
362,23,Female,No,Yes,1,No,0,18,384.248
363,37,Female,No,Yes,1,No,0,18,1020.542
364,60,Male,Yes,No,0,Yes,1345,12,978.798
365,62,Male,Yes,No,0,No,0,18,2243.048
366,50,Male,Yes,Yes,1,Yes,1603,24,1909.168
367,53,Male,No,No,1,No,0,6,820.972
368,32,Male,Yes,Yes,2,No,0,24,2321.244
369,46,Male,Yes,No,2,Yes,1352,24,2035.493
370,29,Female,No,Yes,0,No,0,6,191.609
371,29,Male,Yes,Yes,0,No,0,24,1212.594
372,35,Male,Yes,Yes,0,Yes,1673,6,859.426
373,37,Male,Yes,Yes,1,Yes,935,18,2435.666
374,23,Female,No,No,1,Yes,930,6,319.187
375,58,Female,Yes,Yes,0,Yes,1395,6,565.265
376,27,Female,No,No,3,Yes,330,6,127.257
377,53,Male,No,Yes,0,Yes,928,24,1263.126
378,28,Male,No,Yes,3,Yes,105,18,269.304
379,65,Female,Yes,Yes,0,Yes,2410,18,2510.02
380,33,Male,No,Yes,0,Yes,1347,18,1418.346
381,22,Male,No,Yes,0,Yes,461,18,737.4
382,67,Male,Yes,Yes,0,No,0,12,1557.025
383,33,Male,Yes,Yes,3,No,0,24,2704.53
384,22,Male,Yes,No,3,No,0,6,1211.953
385,42,Male,No,No,0,Yes,1767,24,1983.561
386,24,Male,No,Yes,0,Yes,461,12,371.305
387,21,Male,No,Yes,1,No,0,12,329.134
388,38,Male,Yes,Yes,0,Yes,1755,18,1956.281
389,51,Male,Yes,No,2,Yes,1607,18,1648.437
390,29,Female,No,No,0,No,0,18,511.761
391,24,Female,No,Yes,2,Yes,168,18,280.381
392,43,Male,Yes,Yes,1,No,0,12,1080.982
393,49,Male,No,No,1,Yes,1129,18,1009.45
394,38,Female,No,Yes,2,Yes,57,6,232.882
395,47,Male,Yes,No,1,Yes,1930,18,5151.431
396,37,Male,Yes,Yes,3,Yes,1046,6,304.201
397,70,Female,Yes,Yes,0,Yes,1782,12,1698.873
398,32,Female,No,Yes,1,No,0,12,1747.789
399,26,Female,No,Yes,0,Yes,313,24,343.804
400,21,Female,No,Yes,2,Yes,85,12,108.051
401,38,Female,No,Yes,2,Yes,408,12,418.435
402,35,Male,Yes,No,1,Yes,2324,24,2338.933
403,44,Male,No,Yes,1,Yes,1311,24,1621.632
404,35,Female,Yes,Yes,2,Yes,632,24,937.762
405,46,Male,No,Yes,1,No,0,24,1630.84
406,39,Male,Yes,Yes,2,Yes,655,6,661.119
407,44,Male,No,No,2,Yes,1239,18,1216.682
408,47,Female,No,Yes,1,Yes,741,12,448.394
409,45,Female,No,Yes,1,Yes,380,12,586.31
410,28,Male,No,Yes,0,No,0,12,567.134
411,34,Male,Yes,Yes,1,Yes,1882,6,871.491
412,41,Male,No,Yes,0,Yes,1004,12,829.333
413,44,Male,No,Yes,1,Yes,466,6,421.024
414,67,Male,No,Yes,1,Yes,747,12,885.897
415,50,Male,No,Yes,0,No,0,18,1666.471
416,23,Female,No,No,3,No,0,6,326.3
417,22,Female,No,No,3,Yes,35,6,182.432
418,69,Female,No,No,0,Yes,1027,24,1251.791
419,48,Female,Yes,No,0,Yes,2247,24,5503.395
420,39,Male,Yes,Yes,1,Yes,1591,12,2317.554
421,65,Female,Yes,No,0,No,0,12,451.779
422,72,Male,Yes,No,2,Yes,1571,24,3229.501
423,55,Female,Yes,Yes,3,Yes,1307,6,212.709
424,50,Male,No,Yes,0,No,0,18,1343.647
425,40,Female,No,Yes,1,Yes,879,12,844.452
426,62,Male,No,Yes,0,Yes,1518,18,1542.565
427,62,Female,Yes,Yes,1,Yes,58,6,93.448
428,38,Female,No,Yes,1,No,0,24,1355.154
429,40,Male,Yes,No,3,Yes,1551,18,1790.401
430,21,Female,No,No,2,No,0,24,787.617
431,36,Male,Yes,Yes,2,Yes,1059,24,1103.825
432,40,Male,Yes,Yes,1,Yes,1718,12,1419.508
433,27,Female,No,Yes,1,Yes,285,12,471.725
434,35,Female,Yes,Yes,2,No,0,6,1014.335
435,59,Female,Yes,Yes,0,Yes,2763,18,3596.496
436,43,Female,Yes,Yes,3,Yes,234,12,294.761
437,38,Male,Yes,Yes,1,Yes,1697,24,1821.345
438,62,Female,Yes,No,0,Yes,2586,18,3397.792
439,35,Male,Yes,No,3,Yes,1634,18,2536.685
440,27,Female,Yes,Yes,1,No,0,18,1480.283
441,23,Female,No,No,1,No,0,24,365.486
442,51,Female,No,Yes,1,Yes,1369,12,868.524
443,28,Male,No,Yes,0,Yes,225,24,550.073
444,41,Male,No,No,0,Yes,1880,24,2844.309
445,60,Female,No,Yes,0,Yes,696,18,635.813
446,68,Female,No,Yes,0,Yes,309,6,201.002
447,64,Male,Yes,Yes,0,Yes,1700,24,2841.822
448,37,Female,No,No,3,No,0,24,1087.02
449,43,Female,No,Yes,1,Yes,509,12,940.152
450,28,Female,No,Yes,1,Yes,269,6,209.7
451,24,Female,No,Yes,1,Yes,90,6,106.97
452,40,Male,No,Yes,0,No,0,18,856.726
453,34,Male,Yes,Yes,2,Yes,1585,12,1162.044
454,34,Male,No,Yes,0,Yes,946,12,1028.879
455,47,Male,No,Yes,1,Yes,1123,12,908.863
456,29,Female,No,No,0,Yes,976,24,905.137
457,32,Male,Yes,Yes,2,No,0,12,2223.642
458,45,Female,Yes,Yes,0,Yes,927,24,982.556
459,75,Male,Yes,Yes,0,No,0,18,2381.206
460,28,Female,No,Yes,0,No,0,12,468.329
461,36,Male,No,Yes,0,No,0,6,643.295
462,67,Female,Yes,No,0,Yes,1893,18,2328.439
463,29,Female,No,Yes,0,Yes,442,12,345.348
464,45,Female,No,Yes,1,Yes,452,6,371.293
465,44,Male,Yes,Yes,2,Yes,714,12,574.103
466,41,Female,Yes,No,1,Yes,2146,18,1513.331
467,28,Male,No,Yes,0,Yes,185,6,171.607
468,28,Female,No,Yes,3,No,0,6,521.046
469,58,Male,Yes,No,0,Yes,1584,24,2163.22
470,29,Male,Yes,Yes,0,Yes,1281,24,1347.527
471,21,Male,Yes,Yes,0,No,0,24,1607.599
472,22,Male,No,Yes,0,Yes,929,24,645.873
473,32,Female,Yes,Yes,2,Yes,766,12,768.639
474,38,Male,Yes,Yes,3,Yes,383,12,285.562
475,27,Female,No,Yes,1,Yes,48,6,183.437
476,47,Male,Yes,Yes,1,Yes,794,6,756.958
477,32,Male,Yes,Yes,1,Yes,1769,18,1237.354
478,21,Female,Yes,Yes,0,No,0,6,855.64
479,61,Female,No,Yes,0,No,0,12,274.585
480,49,Male,Yes,Yes,2,No,0,18,3536.912
481,63,Male,No,Yes,0,No,0,24,1479.484
482,30,Female,No,Yes,2,No,0,12,340.809
483,23,Male,No,Yes,0,Yes,250,12,328.069
484,29,Female,No,No,1,Yes,677,18,380.892
485,55,Male,Yes,No,1,Yes,2137,18,1813.064
486,62,Female,Yes,Yes,0,Yes,1052,12,777.328
487,43,Male,No,Yes,0,Yes,1246,24,2176.837
488,38,Male,Yes,Yes,2,Yes,1262,24,1078.499
489,53,Female,Yes,Yes,3,Yes,36,6,157.531
490,72,Female,No,No,0,Yes,1184,6,754.84
491,51,Male,Yes,Yes,0,Yes,1356,6,1481
492,28,Female,No,No,0,Yes,1146,18,1184.054
493,73,Male,Yes,Yes,0,Yes,1122,24,1472.263
494,45,Male,Yes,Yes,0,Yes,1460,24,1855.633
495,42,Male,Yes,Yes,0,Yes,2191,24,2636.239
496,46,Female,Yes,No,0,Yes,2011,18,3603.919
497,35,Male,Yes,Yes,2,Yes,1221,18,880.637
498,27,Male,Yes,Yes,3,Yes,378,6,239.194
499,41,Male,Yes,Yes,2,Yes,1538,24,2089.617
500,49,Male,No,Yes,3,Yes,50,6,320.758
501,28,Male,Yes,Yes,0,Yes,1457,12,1083.677
502,29,Male,Yes,Yes,0,No,0,18,1310.013
503,69,Female,Yes,No,0,No,0,24,2451.608
504,22,Male,No,Yes,1,Yes,130,12,268.208
505,49,Female,Yes,Yes,0,Yes,2001,24,2149.223
506,24,Female,Yes,Yes,0,Yes,1391,12,979.218
507,31,Male,No,Yes,0,Yes,924,18,1587.371
508,30,Male,No,Yes,1,No,0,18,773.969
509,48,Male,Yes,Yes,0,Yes,2219,18,1779.03
510,33,Female,No,No,3,Yes,390,18,865.085
511,74,Male,No,Yes,0,Yes,947,12,922.047
512,49,Male,No,Yes,0,Yes,1719,12,1474.787
513,31,Female,Yes,No,1,Yes,2030,18,2924.424
514,23,Male,Yes,Yes,1,Yes,645,6,247.007
515,53,Male,Yes,Yes,0,Yes,1453,12,2103.614
516,29,Female,Yes,Yes,3,Yes,455,12,392.379
517,68,Female,Yes,Yes,0,No,0,18,1849.538
518,63,Male,Yes,No,0,Yes,1138,12,849.672
519,29,Female,No,Yes,3,No,0,6,510.148
520,24,Female,Yes,No,0,Yes,2191,24,2490.974
521,45,Female,No,Yes,0,Yes,1273,12,781.619
522,51,Male,Yes,Yes,1,Yes,1358,12,1081.269
523,42,Female,Yes,Yes,1,No,0,24,2702.455
524,72,Female,Yes,No,0,Yes,2103,18,3655.4
525,44,Male,Yes,No,2,Yes,1077,24,2098.225
526,68,Female,No,Yes,0,Yes,525,18,861.919
527,33,Female,Yes,Yes,0,No,0,12,1540.892
528,29,Male,Yes,No,0,Yes,916,12,592.072
529,72,Female,Yes,Yes,0,Yes,892,18,1397.716
530,49,Female,Yes,Yes,0,Yes,984,24,1092.528
531,32,Female,No,Yes,0,No,0,18,1368.739
532,56,Male,No,Yes,0,Yes,717,18,886.314
533,42,Female,Yes,No,0,Yes,1362,24,2524.488
534,73,Female,Yes,No,0,Yes,1731,12,1692.94
535,39,Male,Yes,Yes,0,No,0,12,1473.127
536,42,Male,Yes,Yes,1,Yes,1739,24,1822.331
537,24,Female,No,No,2,Yes,392,12,457.006
538,46,Male,No,No,0,Yes,1814,12,2226.351
539,47,Female,Yes,No,1,Yes,977,18,2177.34
540,30,Female,Yes,Yes,1,No,0,18,1165.609
541,40,Female,No,Yes,2,Yes,489,18,854.901
542,40,Male,No,Yes,1,Yes,715,12,584.097
543,26,Female,No,Yes,1,Yes,64,6,208.505
544,28,Female,No,Yes,3,Yes,49,12,87.449
545,69,Female,Yes,Yes,0,Yes,1373,12,1457.033
546,23,Female,No,Yes,0,Yes,82,6,273.835
547,26,Male,Yes,Yes,1,No,0,12,926.713
548,73,Female,No,Yes,0,No,0,12,1584.302
549,38,Female,No,Yes,1,No,0,6,529.347
550,69,Female,No,Yes,0,Yes,972,24,621.165
551,44,Female,No,Yes,2,Yes,67,24,404.823
552,39,Male,Yes,Yes,1,No,0,6,1704.668
553,75,Female,Yes,No,0,Yes,1703,12,1383.879
554,58,Female,No,Yes,0,Yes,781,18,497.736
555,34,Male,Yes,Yes,0,Yes,1195,24,2491.68
556,58,Female,Yes,No,0,Yes,2563,24,2924.53
557,23,Female,No,No,1,Yes,367,6,470.039
558,53,Male,Yes,No,3,Yes,1663,6,1045.96
559,28,Female,Yes,Yes,2,Yes,169,18,575.602
560,53,Male,No,No,2,Yes,1436,24,1241.394
561,65,Female,Yes,Yes,0,Yes,2210,12,2457.674
562,49,Male,Yes,Yes,1,Yes,1245,18,1837.867
563,28,Male,No,Yes,0,No,0,6,175.999
564,21,Female,Yes,Yes,1,Yes,1486,6,646.813
565,33,Female,No,No,3,No,0,6,921.458
566,35,Female,Yes,Yes,0,Yes,760,24,1583.064
567,56,Male,Yes,Yes,0,Yes,1708,24,2763.596
568,43,Male,Yes,Yes,0,Yes,1552,24,1944.145
569,50,Male,Yes,Yes,2,Yes,749,12,823.582
570,27,Female,No,No,1,No,0,24,1319.7
571,39,Female,Yes,Yes,1,No,0,6,817.748
572,30,Female,No,Yes,2,No,0,12,490.974
573,31,Female,No,No,0,Yes,1595,24,1475.806
574,41,Female,Yes,Yes,2,Yes,1104,6,708.247
575,30,Female,No,No,0,Yes,894,6,263.664
576,21,Female,No,No,2,Yes,526,12,322.469
577,39,Female,Yes,Yes,0,Yes,1349,24,3052.432
578,44,Male,Yes,Yes,2,Yes,223,6,188.132
579,54,Male,Yes,No,1,Yes,1634,24,3383.646
580,22,Male,No,No,0,Yes,1062,18,741.598
581,74,Male,Yes,No,0,Yes,2402,24,6217.343
582,27,Female,No,Yes,1,Yes,18,6,216.069
583,36,Female,Yes,No,1,Yes,1023,18,2034.464
584,46,Male,No,No,0,Yes,1319,12,1955.135
585,46,Female,Yes,Yes,1,No,0,18,1598.272
586,22,Female,No,Yes,1,No,0,12,576.066
587,50,Male,Yes,No,1,Yes,2025,18,3785.425
588,34,Female,Yes,Yes,1,Yes,1590,6,1116.002
589,52,Male,No,Yes,2,Yes,144,6,236.309
590,74,Male,Yes,Yes,0,No,0,12,2522.953
591,25,Male,No,Yes,3,Yes,43,6,43.185
592,30,Female,No,No,1,Yes,1003,24,919.965
593,22,Male,Yes,No,1,Yes,1338,18,1357.421
594,32,Female,Yes,No,1,Yes,2375,24,5829.655
595,40,Female,Yes,Yes,3,Yes,669,18,654.576
596,39,Male,Yes,Yes,0,Yes,2002,24,2437.808
597,50,Female,No,Yes,3,Yes,80,6,222.835
598,59,Female,Yes,Yes,0,No,0,24,947.303
599,47,Male,Yes,Yes,3,No,0,12,1472.782
600,43,Female,No,No,1,Yes,1428,18,1659.402
601,25,Female,Yes,No,0,No,0,6,613.992
602,47,Male,No,No,1,Yes,1145,12,1001.371
603,30,Male,Yes,No,3,No,0,24,1314.456
604,61,Female,No,No,0,Yes,988,6,445.989
605,27,Male,No,Yes,3,No,0,6,307.285
606,42,Female,No,Yes,3,No,0,6,1138.485
607,68,Male,No,Yes,0,Yes,878,24,639.461
608,33,Female,Yes,Yes,3,No,0,24,2903.766
609,55,Male,Yes,No,1,Yes,2050,24,3490.994
610,26,Male,Yes,Yes,0,No,0,24,1692.379
611,67,Male,No,Yes,0,Yes,1106,24,1506.571
612,60,Female,Yes,Yes,0,Yes,857,6,685.042
613,68,Male,Yes,Yes,0,Yes,1765,12,1876.757
614,70,Female,Yes,No,0,No,0,12,1804.404
615,29,Female,No,Yes,1,Yes,36,18,403.474
616,47,Male,No,Yes,1,Yes,751,24,1271.044
617,37,Female,Yes,Yes,1,No,0,24,3360.441
618,64,Male,Yes,Yes,0,Yes,2081,24,3167.171
619,42,Female,Yes,Yes,1,Yes,1624,6,1781.326
620,25,Female,No,Yes,3,Yes,39,6,62.119
621,43,Male,Yes,Yes,1,Yes,1510,12,1503.809
622,75,Female,No,Yes,0,Yes,254,6,224.368
623,33,Male,Yes,Yes,1,Yes,1271,24,1430.668
624,60,Female,Yes,Yes,0,Yes,1195,24,1436.43
625,51,Female,Yes,Yes,3,Yes,580,12,363.582
626,32,Male,Yes,Yes,1,Yes,1486,24,2644.047
627,57,Female,Yes,No,2,Yes,628,12,805.24
628,24,Female,No,Yes,3,No,0,12,571.208
629,41,Male,Yes,Yes,3,No,0,6,1351.948
630,43,Female,No,Yes,2,Yes,356,12,527.531
631,39,Male,No,Yes,0,Yes,783,12,716.314
632,72,Female,Yes,Yes,0,Yes,1486,24,2149.958
633,21,Male,No,No,1,Yes,695,12,367.824
634,36,Female,Yes,Yes,1,Yes,1661,24,1788.695
635,29,Male,No,No,0,Yes,1030,18,906.515
636,26,Female,No,Yes,1,No,0,24,1011.587
637,67,Female,No,Yes,0,Yes,1420,12,1147.64
638,55,Female,No,No,2,No,0,12,1185.091
639,44,Female,Yes,Yes,1,Yes,1469,6,703.879
640,27,Male,No,No,1,No,0,12,375.614
641,29,Male,No,Yes,0,No,0,12,332.097
642,51,Female,Yes,Yes,1,No,0,6,613.463
643,43,Female,No,Yes,1,Yes,999,6,680.028
644,49,Female,Yes,Yes,1,Yes,2069,24,2745.755
645,37,Male,Yes,No,0,Yes,1567,18,2106.787
646,23,Female,No,No,2,Yes,545,24,486.495
647,50,Female,Yes,Yes,1,No,0,24,1975.884
648,30,Male,No,No,1,No,0,12,814.045
649,35,Female,Yes,Yes,1,Yes,1224,18,1753.181
650,70,Female,Yes,Yes,0,Yes,2140,24,3378.482
651,33,Male,Yes,No,0,No,0,12,3272.653
652,27,Male,Yes,Yes,1,Yes,277,18,1001.101
653,59,Male,Yes,Yes,0,Yes,1027,24,1245.733
654,26,Female,No,Yes,1,Yes,456,6,183.689
655,55,Female,Yes,Yes,1,Yes,926,24,2573.799
656,43,Male,No,No,0,Yes,2096,24,2304.079
657,49,Female,No,Yes,2,No,0,12,1193.799
658,68,Female,Yes,Yes,0,Yes,1627,12,1486.535
659,30,Female,No,Yes,3,No,0,12,206.366
660,46,Male,No,Yes,3,No,0,6,713.017
661,32,Female,Yes,Yes,3,Yes,842,12,355.95
662,49,Male,Yes,Yes,3,Yes,22,6,176.843
663,55,Female,No,No,2,Yes,579,18,748.254
664,32,Female,No,Yes,1,Yes,446,12,500.448
665,56,Male,Yes,No,0,No,0,18,3034.187
666,60,Male,No,Yes,0,Yes,289,6,481.5
667,26,Female,No,No,1,Yes,841,24,893.374
668,72,Female,Yes,No,2,Yes,496,12,164.49
669,55,Female,Yes,No,1,Yes,1838,18,2563.027
670,31,Male,Yes,No,1,Yes,1144,24,1574.514
671,35,Female,No,Yes,1,No,0,12,880.595
672,27,Female,Yes,Yes,2,Yes,797,6,584.119
673,44,Male,No,Yes,0,Yes,1148,18,1720.018
674,58,Male,Yes,No,0,No,0,6,1024.305
675,34,Male,No,Yes,0,Yes,1156,6,1150.405
676,50,Male,Yes,Yes,0,Yes,1490,24,2763.464
677,29,Female,No,Yes,1,No,0,6,421.027
678,23,Female,No,Yes,2,Yes,89,12,180.472
679,64,Female,Yes,Yes,0,Yes,2340,18,2175.969
680,23,Male,No,Yes,0,No,0,6,273.072
681,51,Male,Yes,No,2,Yes,1510,24,2693.441
682,49,Female,Yes,No,1,Yes,1824,24,3072.076
683,49,Male,Yes,No,0,Yes,2333,24,5208.718
684,28,Female,No,Yes,1,Yes,120,6,143.467
685,72,Male,Yes,No,0,Yes,1958,24,1931.347
686,26,Female,No,Yes,2,Yes,103,18,163.084
687,47,Female,Yes,Yes,2,Yes,660,18,657.46
688,50,Female,No,Yes,1,Yes,462,24,630.091
689,33,Male,Yes,Yes,0,Yes,1162,24,1974.242
690,27,Female,No,Yes,1,Yes,920,6,501.66
691,46,Female,No,Yes,1,Yes,722,24,661.805
692,30,Female,Yes,Yes,0,Yes,1355,24,1511.777
693,49,Male,Yes,No,1,No,0,12,1255.373
694,71,Female,No,Yes,0,Yes,404,24,467.681
695,46,Male,No,Yes,0,No,0,24,2561.114
696,22,Male,No,Yes,0,No,0,24,533.785
697,47,Female,No,No,2,Yes,714,12,1307.004
698,37,Male,No,Yes,1,Yes,727,6,735.068
699,36,Male,Yes,Yes,2,No,0,6,1596.909
700,52,Male,No,No,1,No,0,6,1079.497
701,68,Female,Yes,Yes,0,No,0,24,2599.113
702,56,Female,Yes,Yes,0,Yes,935,6,473.176
703,29,Male,No,No,0,No,0,12,1085.203
704,69,Female,Yes,Yes,0,Yes,780,6,702.632
705,74,Male,Yes,Yes,0,Yes,1703,6,918.783
706,34,Male,Yes,Yes,3,No,0,12,2796.33
707,51,Female,Yes,No,1,Yes,1887,12,1829.99
708,29,Female,No,Yes,1,Yes,19,6,182.628
709,26,Female,No,No,2,Yes,396,6,330.218
710,45,Male,No,Yes,0,No,0,24,916.712
711,21,Male,No,Yes,0,No,0,24,615.161
712,23,Male,Yes,No,1,Yes,1218,12,807.707
713,43,Male,No,Yes,3,Yes,184,18,427.176
714,31,Female,Yes,Yes,1,Yes,2219,12,1133.433
715,41,Female,No,Yes,1,No,0,6,320.344
716,31,Male,Yes,No,0,No,0,18,3126.18
717,65,Female,Yes,No,0,Yes,2354,24,3000.618
718,29,Female,No,Yes,1,Yes,2,12,270.506
719,21,Female,No,Yes,0,Yes,12,6,140.299
720,51,Male,Yes,Yes,0,Yes,910,18,1763.296
721,28,Female,No,No,1,No,0,12,575.98
722,47,Male,Yes,No,1,No,0,24,2145.096
723,21,Male,No,Yes,0,No,0,12,416.511
724,74,Female,No,No,0,Yes,1311,24,1789.884
725,40,Male,Yes,Yes,1,Yes,1450,24,3063.491
726,21,Female,No,Yes,1,Yes,111,6,136.348
727,23,Female,No,Yes,2,Yes,73,18,445.74
728,24,Male,No,Yes,1,No,0,6,494.385
729,38,Male,No,Yes,0,Yes,815,12,963.503
730,26,Male,Yes,Yes,1,Yes,56,6,277.854
731,52,Male,No,No,0,Yes,1870,24,3043.765
732,29,Female,Yes,Yes,2,Yes,48,24,652.575
733,62,Male,No,No,0,Yes,1613,24,3293.157
734,24,Female,Yes,No,0,Yes,1901,24,3688.445
735,26,Male,No,Yes,3,Yes,32,6,37.807
736,55,Female,Yes,No,3,Yes,781,24,1202.643
737,68,Male,Yes,Yes,0,No,0,24,1607.465
738,59,Female,No,No,0,Yes,482,6,316.86
739,42,Female,No,No,0,Yes,2009,12,1321.529
740,21,Male,No,Yes,0,Yes,123,6,250.249
741,36,Female,Yes,Yes,2,Yes,851,18,714.555
742,45,Male,Yes,Yes,2,Yes,1875,18,1999.546
743,49,Male,No,No,0,Yes,2095,12,1702.438
744,26,Female,No,Yes,0,Yes,293,18,295.708
745,34,Male,Yes,Yes,0,Yes,2348,12,2630.937
746,32,Female,No,No,3,Yes,508,6,291.739
747,32,Male,Yes,Yes,3,Yes,2059,12,1001.207
748,21,Male,Yes,No,0,No,0,12,1081.867
749,58,Female,Yes,Yes,0,Yes,480,12,572.765
750,72,Female,Yes,Yes,0,Yes,2093,6,862.883
751,70,Male,Yes,Yes,0,Yes,1657,18,2183.422
752,52,Female,Yes,No,1,No,0,24,2551.12
753,25,Female,No,Yes,1,Yes,261,6,219.808
754,54,Female,No,No,1,No,0,18,1623.712
755,47,Male,Yes,Yes,0,Yes,1086,6,541.344
756,55,Female,Yes,Yes,2,Yes,1330,12,580.43
757,21,Female,No,No,0,No,0,12,859.605
758,33,Female,No,No,1,No,0,6,450.915
759,30,Female,Yes,No,1,No,0,6,788.195
760,41,Female,No,Yes,0,No,0,12,1090.085
761,55,Female,Yes,Yes,2,Yes,661,12,544.16
762,45,Female,Yes,No,1,Yes,2222,12,2502.349
763,37,Male,Yes,Yes,2,Yes,743,6,567.751
764,22,Male,No,Yes,3,Yes,43,18,181.753
765,54,Female,No,Yes,0,No,0,18,1753.394
766,24,Male,No,Yes,0,Yes,535,6,615.707
767,35,Female,Yes,Yes,1,No,0,6,1425.781
768,55,Male,Yes,No,3,Yes,1137,18,1041.504
769,37,Female,Yes,Yes,2,Yes,482,6,408.638
770,25,Male,Yes,Yes,0,Yes,815,12,730.67
771,34,Male,Yes,Yes,1,No,0,18,2448.209
772,34,Female,No,Yes,0,Yes,1208,18,1257.383
773,52,Male,No,Yes,0,Yes,828,6,700.502
774,68,Female,No,Yes,0,Yes,696,12,556.24
775,34,Male,Yes,Yes,2,No,0,6,1575.424
776,45,Male,Yes,Yes,2,Yes,759,18,670.508
777,29,Male,Yes,Yes,0,No,0,6,586.627
778,33,Male,No,Yes,1,Yes,370,18,522.639
779,28,Male,No,No,0,Yes,755,6,563.433
780,32,Female,Yes,Yes,1,Yes,1501,12,1713.073
781,28,Female,No,Yes,3,No,0,6,156.567
782,29,Female,No,Yes,2,No,0,6,362.221
783,40,Male,Yes,No,1,Yes,2670,24,5877.734
784,34,Female,Yes,Yes,0,Yes,1505,18,1845.775
785,57,Female,Yes,Yes,0,Yes,1632,24,1684.72
786,30,Male,No,No,2,Yes,62,24,450.078
787,39,Male,No,Yes,0,No,0,12,1668.443
788,23,Female,No,Yes,2,No,0,6,281.314
789,48,Female,Yes,No,3,No,0,24,3081.563
790,22,Male,Yes,No,0,No,0,12,1161.869
791,26,Male,No,Yes,0,No,0,6,295.749
792,48,Male,Yes,Yes,1,No,0,12,2465.753
793,46,Male,No,No,0,Yes,1705,12,1803.115
794,52,Male,Yes,Yes,0,Yes,2019,12,1413.734
795,54,Female,No,Yes,3,Yes,101,18,231.594
796,60,Female,Yes,Yes,0,Yes,1669,18,1581.61
797,68,Male,Yes,Yes,0,Yes,2792,24,4557.754
798,47,Male,No,Yes,0,Yes,1982,12,1152.103
799,51,Male,Yes,No,3,Yes,1921,18,2065.465
800,56,Female,No,Yes,0,Yes,797,12,609.624
801,53,Male,No,Yes,0,Yes,1127,18,1641.859
802,25,Female,Yes,Yes,0,No,0,6,613.326
803,50,Female,No,No,3,Yes,792,24,1913.32
804,34,Female,Yes,Yes,1,Yes,1230,12,1041.409
805,66,Male,Yes,Yes,0,Yes,1188,18,1853.281
806,53,Male,Yes,Yes,0,Yes,1717,18,2033.957
807,50,Female,Yes,Yes,1,Yes,1475,18,1425.969
808,45,Female,No,No,2,Yes,1064,12,1195
809,35,Male,Yes,Yes,0,No,0,12,1821.011
810,40,Male,Yes,Yes,2,Yes,983,12,808.931
811,24,Female,No,No,1,Yes,683,12,662.415
812,24,Female,No,No,2,Yes,156,12,159.604
813,42,Male,No,Yes,0,Yes,768,12,605.541
814,59,Male,Yes,Yes,0,Yes,1081,12,1087.79
815,21,Female,No,Yes,2,Yes,65,18,170.481
816,35,Male,No,Yes,0,Yes,878,12,1060.307
817,49,Male,No,Yes,0,No,0,6,711.908
818,30,Male,No,No,0,No,0,12,427.683
819,30,Female,Yes,Yes,2,Yes,42,6,138.626
820,61,Female,Yes,No,0,Yes,1695,18,2205.806
821,40,Male,Yes,Yes,1,Yes,1323,18,1307.874
822,64,Male,No,Yes,0,No,0,6,694.455
823,37,Male,No,No,0,Yes,1657,12,2296.453
824,49,Female,Yes,No,1,Yes,1481,18,1430.491
825,56,Female,Yes,Yes,0,Yes,1697,18,2004.491
826,29,Male,Yes,Yes,1,Yes,957,12,1432.328
827,26,Female,No,No,0,Yes,910,6,410.645
828,36,Female,Yes,Yes,1,No,0,24,1180.977
829,23,Female,No,No,1,Yes,473,12,549.537
830,27,Female,No,Yes,0,No,0,18,314.028
831,36,Male,Yes,Yes,0,No,0,6,983.21
832,38,Male,Yes,Yes,1,No,0,12,1016.741
833,26,Male,No,Yes,0,Yes,488,24,676.765
834,71,Female,No,No,0,Yes,1474,6,535.463
835,22,Male,No,Yes,0,No,0,18,395.157
836,64,Male,Yes,Yes,1,Yes,1504,24,2975.17
837,47,Male,Yes,Yes,2,Yes,1461,18,1554.121
838,24,Male,No,No,0,Yes,1125,12,590.981
839,30,Female,No,No,1,No,0,18,349.137
840,39,Female,Yes,Yes,1,Yes,1536,12,1279.949
841,38,Female,No,Yes,0,Yes,1224,12,1304.252
842,52,Female,Yes,Yes,3,No,0,6,2840.218
843,25,Male,No,Yes,0,Yes,409,12,395.319
844,72,Female,Yes,Yes,0,Yes,1452,12,1025.344
845,26,Female,Yes,No,1,Yes,1313,12,1271.71
846,46,Male,No,No,1,Yes,1188,24,1218.01
847,34,Male,Yes,Yes,0,Yes,2012,24,1721.248
848,68,Female,Yes,No,0,Yes,2422,18,2233.077
849,52,Female,No,Yes,0,Yes,742,12,991.905
850,49,Female,Yes,Yes,3,No,0,24,2119.13
851,57,Female,No,Yes,1,No,0,6,632.356
852,31,Female,Yes,No,3,Yes,1424,12,857.575
853,25,Female,No,No,1,Yes,974,6,303.454
854,29,Female,No,No,2,Yes,104,18,213.261
855,40,Male,No,No,0,Yes,1585,24,1908.868
856,36,Male,Yes,No,3,Yes,1448,24,1849.49
857,34,Female,Yes,No,2,Yes,2106,18,2238.228
858,63,Male,No,Yes,0,Yes,922,12,1477.141
859,27,Female,Yes,Yes,1,Yes,373,6,242.129
860,30,Male,Yes,Yes,0,Yes,1072,6,489.208
861,63,Female,Yes,No,0,Yes,2316,12,3103.702
862,22,Female,No,No,0,No,0,12,359.712
863,24,Female,Yes,No,1,No,0,18,1276.253
864,50,Female,No,Yes,2,Yes,218,6,272.804
865,48,Male,Yes,Yes,1,No,0,12,1197.909
866,23,Female,No,Yes,1,No,0,12,458.626
867,23,Female,No,Yes,1,No,0,12,470.382
868,30,Male,Yes,Yes,0,Yes,1006,6,754.241
869,24,Female,No,No,2,Yes,598,12,606.672
870,41,Female,Yes,Yes,3,Yes,222,6,252.164
871,45,Female,Yes,Yes,2,Yes,1127,12,1231.328
872,24,Female,No,Yes,1,Yes,307,6,247.334
873,55,Male,Yes,No,2,Yes,839,12,926.479
874,34,Male,Yes,Yes,3,Yes,35,12,339.639
875,59,Female,Yes,Yes,0,Yes,527,24,1119.802
876,34,Male,No,Yes,0,Yes,1188,6,1317.733
877,23,Female,No,Yes,2,Yes,45,24,437.146
878,47,Female,No,Yes,3,Yes,32,24,243.385
879,50,Female,Yes,Yes,3,No,0,24,2445.67
880,54,Male,No,No,1,No,0,24,1699.212
881,43,Male,No,Yes,3,No,0,12,1363.591
882,28,Female,Yes,Yes,0,No,0,6,639.609
883,71,Male,No,No,0,Yes,1767,6,974.512
884,32,Male,Yes,Yes,0,Yes,1526,24,1654.133
885,34,Female,Yes,Yes,0,Yes,1891,18,2229.749
886,22,Female,No,No,3,No,0,24,707.7
887,21,Male,No,Yes,0,No,0,6,245.008
888,43,Male,No,No,1,Yes,1290,18,1070.54
889,50,Female,No,Yes,0,Yes,1137,12,826.848
890,47,Male,No,Yes,3,Yes,78,24,300.736
891,24,Male,Yes,No,3,Yes,640,24,1560.11
892,55,Male,Yes,Yes,0,Yes,1709,6,1159.217
893,21,Male,No,Yes,0,No,0,24,361.789
894,42,Male,No,No,0,Yes,1514,18,1523.379
895,75,Male,Yes,No,0,No,0,18,1413.224
896,21,Male,No,Yes,2,Yes,25,12,209.422
897,62,Female,No,No,0,Yes,899,6,191.183
898,37,Male,No,Yes,0,Yes,543,24,1050.981
899,74,Female,Yes,Yes,1,Yes,741,12,668.873
900,23,Female,Yes,No,0,No,0,6,689.983
901,69,Female,No,Yes,0,Yes,413,6,491.187
902,48,Female,Yes,Yes,0,No,0,6,1658.269
903,23,Male,No,Yes,0,No,0,18,188.978
904,40,Male,Yes,No,1,Yes,1740,6,1904.52
905,27,Male,No,Yes,0,Yes,282,12,303.065
906,35,Female,No,Yes,0,No,0,24,1443.609
907,26,Female,No,Yes,3,No,0,12,407.584
908,34,Male,Yes,Yes,0,No,0,12,1634.374
909,46,Male,No,Yes,1,Yes,443,18,542.1
910,30,Male,Yes,Yes,0,Yes,1519,18,1438.523
911,65,Female,Yes,Yes,0,Yes,988,18,1403.374
912,30,Female,No,Yes,3,No,0,6,636.284
913,22,Male,No,Yes,2,No,0,12,333.143
914,21,Female,No,No,2,Yes,174,6,193.826
915,41,Male,No,Yes,0,Yes,1400,6,784.701
916,33,Female,Yes,Yes,1,Yes,1930,18,1165.063
917,26,Female,No,Yes,1,Yes,54,6,201.829
918,36,Female,Yes,Yes,2,Yes,877,24,953.853
919,64,Female,No,Yes,1,Yes,6,24,384.946
920,26,Female,Yes,Yes,0,Yes,247,18,363.468
921,42,Male,Yes,No,1,Yes,1875,12,2081.794
922,47,Male,No,Yes,0,No,0,6,934.386
923,31,Female,No,Yes,3,No,0,6,507.69
924,38,Male,Yes,Yes,1,No,0,12,1553.371
925,25,Male,Yes,Yes,2,Yes,338,12,687.094
926,42,Male,Yes,Yes,3,Yes,924,24,1102.084
927,27,Female,No,Yes,3,No,0,24,769.773
928,33,Female,Yes,No,3,Yes,912,24,1161.732
929,21,Female,No,No,2,No,0,18,425.718
930,67,Female,No,No,0,Yes,1104,12,377.952
931,68,Male,Yes,Yes,0,Yes,3357,6,1511.751
932,60,Male,Yes,Yes,0,Yes,1180,6,770.114
933,63,Female,No,No,2,Yes,812,6,690.248
934,49,Female,Yes,Yes,1,No,0,12,2340.2
935,29,Male,No,No,0,Yes,935,18,471.785
936,69,Female,No,Yes,0,No,0,6,1297.774
937,61,Female,No,Yes,3,No,0,6,700.351
938,59,Female,No,Yes,0,Yes,457,6,257.67
939,60,Male,Yes,No,0,No,0,12,428.251
940,35,Male,Yes,No,0,Yes,3372,12,4894.284
941,37,Female,Yes,Yes,1,Yes,1799,18,1364.072
942,30,Female,No,Yes,2,Yes,67,18,197.339
943,33,Male,Yes,Yes,0,Yes,1615,18,3304.603
944,37,Male,Yes,Yes,3,No,0,18,2122.438
945,45,Male,Yes,Yes,0,No,0,6,719.344
946,33,Female,No,Yes,3,Yes,360,24,225.089
947,57,Female,Yes,Yes,0,Yes,1527,24,1946.498
948,40,Male,Yes,Yes,0,Yes,2347,6,1759.509
949,59,Male,Yes,Yes,0,Yes,1014,12,1388.584
950,36,Male,Yes,No,2,No,0,12,3940.897
951,21,Female,Yes,Yes,0,No,0,12,1161.052
952,44,Male,Yes,Yes,3,Yes,1504,12,635.307
953,58,Male,Yes,Yes,0,Yes,1224,6,740.916
954,48,Female,No,Yes,3,Yes,201,12,235.452
955,47,Male,Yes,Yes,0,No,0,12,1436.806
956,62,Male,No,Yes,0,No,0,24,1506.263
957,57,Female,No,Yes,0,No,0,6,257.817
958,43,Female,Yes,No,0,Yes,2949,18,4279.258
959,24,Female,No,Yes,1,Yes,45,18,222.744
960,22,Female,No,No,1,Yes,452,6,221.87
961,40,Female,No,Yes,1,No,0,12,1456.942
962,67,Female,No,Yes,2,Yes,39,6,64.839
963,37,Male,Yes,No,1,No,0,12,2902.197
964,37,Male,Yes,Yes,0,Yes,1843,24,3779.932
965,56,Female,No,Yes,0,No,0,24,195.231
966,56,Female,No,No,0,Yes,573,12,409.896
967,26,Female,No,Yes,2,No,0,6,386.877
968,70,Male,Yes,Yes,0,Yes,859,12,801.768
969,30,Male,No,Yes,0,Yes,471,12,400.976
970,43,Female,No,No,1,Yes,918,18,1553.464
971,52,Female,Yes,Yes,3,Yes,1640,24,1093.048
972,42,Male,Yes,Yes,1,No,0,24,2140.549
973,54,Male,No,No,0,Yes,2154,24,4181.768
974,37,Male,Yes,No,2,Yes,1967,18,3236.509
975,43,Female,Yes,Yes,3,Yes,582,6,211.525
976,23,Male,No,No,1,No,0,12,421.865
977,23,Male,Yes,Yes,0,No,0,6,1534.398
978,33,Female,No,Yes,2,Yes,236,24,513.908
979,65,Male,No,Yes,0,No,0,12,1582.612
980,25,Female,No,No,0,No,0,24,357.564
981,29,Female,No,Yes,1,Yes,67,6,184.119
982,44,Male,No,Yes,0,No,0,6,1324.757
983,28,Female,No,No,1,Yes,1243,12,767.721
984,72,Male,Yes,No,0,Yes,2280,24,2690.051
985,50,Male,Yes,No,1,No,0,6,1227.235
986,55,Female,Yes,Yes,1,No,0,12,1891.782
987,62,Female,Yes,Yes,0,Yes,823,18,582.38
988,39,Male,Yes,No,0,Yes,1945,12,2692.543
989,28,Male,No,Yes,0,Yes,713,18,642.814
990,28,Female,No,No,3,Yes,88,18,204.91
991,30,Female,No,Yes,3,No,0,6,153.378
992,41,Male,Yes,Yes,1,Yes,1241,12,1081.05
993,57,Male,Yes,No,0,Yes,1370,18,1856.829
994,27,Male,No,Yes,0,Yes,45,18,292.197
995,74,Male,No,Yes,0,Yes,440,6,653.924
996,44,Female,No,Yes,0,Yes,881,12,842.72
997,69,Female,No,Yes,0,Yes,559,6,242.303
998,31,Male,Yes,Yes,0,Yes,2099,18,2545.732
999,35,Female,Yes,Yes,1,Yes,1803,24,1521.083
1000,55,Male,Yes,Yes,1,Yes,1615,24,2464.339